path,size_bytes
.gitattributes,66
.gitignore,414
1.py,274
BEST_KNOWN_SUBMISSION_CN.md,445
blend_adaptive_replay_gate.py,8906
blend_agreement_gated.py,4215
blend_candidate_meta_gate.py,6432
blend_causal_exposure_gated.py,4986
blend_confidence_gated.py,4757
blend_dual_mlp_intersection.py,7403
blend_exposure_rank_boost.py,6592
blend_hard_expert_switch.py,6002
blend_online_score_rank_ensemble.py,4245
blend_rank_consensus.py,3740
blend_rank_transplant.py,6564
blend_row_consensus_gate.py,6467
blend_source_gated.py,4990
blend_source_time_gated.py,5899
blend_source_time_multi_expert.py,6503
blend_time_gated.py,4685
blend_website_csv.py,2465
blend_website_csv_by_dataset.py,3182
blend_website_csv_geomean.py,3239
calibrate_submission_power.py,2171
cleanup_obsolete_submissions_20260512.sh,769
cleanup_redundant_outputs.sh,1445
compare_submissions_to_best.py,1397
craft_baseline.py,492
CURRENT_SUBMISSION_ORDER_CN.md,5822
DAILY_SUMMARY_20260512_CN.md,2605
enhanced_heuristic.py,3911
ensemble.py,1088
ensemble_scores.py,6242
evaluate_127_candidate.py,7261
evaluate_heuristic.py,2922
experiments.csv,30796
experiments.jsonl,57070
experiments_v2.csv,1225
experiments_v2.jsonl,1755
EXPERIMENT_SUMMARY_CN.md,28508
FORMAT_CHECK_112_CN.md,1412
FORMAT_CHECK_121_CN.md,1392
FULL_MAJOR_WORK_SUMMARY_CN.md,12461
infer.py,6167
infer_stream.py,12962
LATEST_MAJOR_100_CN.md,2069
LATEST_MAJOR_101_102_CN.md,5879
LATEST_MAJOR_103_105_CN.md,5984
LATEST_MAJOR_106_109_CN.md,6419
LATEST_MAJOR_110_111_CN.md,4225
LATEST_MAJOR_112_115_CN.md,3437
LATEST_MAJOR_116_118_CN.md,3127
LATEST_MAJOR_119_121_CN.md,4468
LATEST_MAJOR_127_CN.md,1022
LATEST_MAJOR_128_CN.md,126
LATEST_MAJOR_129_CN.md,143
LATEST_MAJOR_130_CN.md,1934
LATEST_MAJOR_131_CN.md,1202
LATEST_MAJOR_132_CN.md,122
LATEST_MAJOR_133_CN.md,137
LATEST_MAJOR_134_CN.md,137
LATEST_MAJOR_135_CN.md,145
LATEST_MAJOR_143_CN.md,1040
LATEST_MAJOR_170_CN.md,134
LATEST_MAJOR_177B_CN.md,976
LATEST_MAJOR_179_CN.md,97
LATEST_MAJOR_199_CN.md,237
LATEST_MAJOR_78_CN.md,1670
LATEST_MAJOR_79_CN.md,1413
LATEST_MAJOR_80_CN.md,1348
LATEST_MAJOR_81_CN.md,1769
LATEST_MAJOR_82_CN.md,1433
LATEST_MAJOR_83_CN.md,1282
LATEST_MAJOR_84_CN.md,1404
LATEST_MAJOR_85_CN.md,1284
LATEST_MAJOR_86_CN.md,1401
LATEST_MAJOR_87_CN.md,1402
LATEST_MAJOR_88_CN.md,3320
LATEST_MAJOR_89_CN.md,2683
LATEST_MAJOR_90_CN.md,3198
LATEST_MAJOR_91_CN.md,3429
LATEST_MAJOR_92_CN.md,2793
LATEST_MAJOR_93_CN.md,3568
LATEST_MAJOR_94_95_CN.md,1505
LATEST_MAJOR_97_CN.md,2093
LATEST_MAJOR_98_99_CN.md,2292
LATEST_MAJOR_ONLINE_COMBO_CN.md,2406
LATEST_ROUND_66_75_CN.md,2104
make_assoc_result_zip.py,9439
make_candidate_meta_expert.py,8026
make_causal_exposure_result_zip.py,8905
make_combo_jittor_result_zip.py,6953
make_combo_mlp_result_zip.py,6496
make_consensus_online_replay_result_zip.py,12054
make_enhanced_jittor_result_zip.py,6012
make_enhanced_result_zip.py,5130
make_groupmeta_result_zip.py,7140
make_lgbm_guarded_fusion_result_zip.py,10511
make_lgbm_result_zip.py,5734
make_linear_result_zip.py,5468
make_online_combo_jittor_result_zip.py,11994
make_online_sequential_result_zip.py,8498
make_order_prior_zip.py,2497
make_result_zip.py,3228
make_sequential_result_zip.py,5158
make_simple_global_result_zip.py,5491
make_simple_jittor_result_zip.py,5012
make_simple_result_zip.py,3966
make_submission.py,63
make_teacher_online_combo_jittor_result_zip.py,8555
make_temporal_result_zip.py,9958
make_testmeta_result_zip.py,5079
METHOD_CN.md,13704
NEW_MACHINE_CONTINUE_GUIDE_CN.md,2170
NEXT_MAJOR_CHANGES_CN.md,4313
ONLINE_FEEDBACK_101_109_CN.md,2046
ONLINE_FEEDBACK_110_111_CN.md,858
ONLINE_FEEDBACK_125_CN.md,1848
package_release.py,2878
README_CN.md,18744
register_127_candidate.py,8473
register_130_candidate.py,11434
register_submissions_44_49.sh,981
register_submissions_50_57.sh,2385
register_submissions_58_65.sh,2402
register_submissions_66_75.sh,2809
REGISTRY_V2.md,1218
requirements-track1.txt,87
run_ensemble_scores.sh,717
run_evaluate_heuristic.sh,687
run_infer.ps1,238
run_infer.sh,645
run_infer_stream.sh,1177
run_make_dsaware_submit.sh,2053
run_make_enhanced_jittor_submit.sh,1810
run_make_enhanced_submit.sh,1625
run_make_jittor_submit.sh,1266
run_make_meta_submit.sh,1962
run_make_sequential_submit.sh,1759
run_multiseed.sh,2388
run_package_release.sh,480
run_self_check.sh,2067
run_submit.sh,474
run_train.ps1,192
run_train.sh,1269
run_train_enhanced_jittor.sh,1445
run_train_simple_jittor.sh,1099
run_tune_blend.sh,962
run_tune_enhanced.sh,836
run_tune_sequential.sh,844
run_validate_submission.sh,414
sequential_heuristic.py,3611
simple_heuristic.py,4179
SUBMISSION_REGISTRY_CN.md,14106
SUBMIT_TRACK1_125_MONITOR_SCRIPT_CN.md,5180
TRACK1_DIRECTION_RESET_128_135_CN.md,826
track1_heuristic_submit.py,8126
train.py,10411
train_combo_jittor.py,8384
train_combo_mlp_jittor.py,8983
train_enhanced_jittor.py,7811
train_lgbm_ranker.py,7301
train_simple_jittor.py,7004
tune_assoc_hard.py,6412
tune_blend.py,4816
tune_enhanced_hard.py,9442
tune_heuristic_linear.py,4814
tune_sequential_hard.py,8768
tune_simple_hard.py,8012
tune_simple_heuristic.py,4788
tune_temporal_hard.py,6838
update_125_from_platform_row.py,4531
validate_result_zip.py,1878
validate_submission.py,3180
.git/COMMIT_EDITMSG,38
.git/config,321
.git/description,73
.git/HEAD,21
.git/index,19625
analysis/129_lgbm_guarded_ablation_report.json,5034
analysis/129_lgbm_guarded_ablation_report.md,1276
analysis/133_objective_postprocess_audit.json,113604
analysis/133_objective_postprocess_audit.md,2554
analysis/134_structural_candidate_report.md,213
analysis/140_candidate_segments.json,32293
analysis/140_error_map_rebuild.json,32680
analysis/140_error_map_rebuild.md,1114
analysis/141_new_expert_family_probe.json,1125
analysis/141_new_expert_family_probe.md,306
analysis/144_final_structural_submit_decision.json,1013
analysis/145_score_shape_strong_sweep_report.json,14316
analysis/145_score_shape_strong_sweep_report.md,1538
analysis/146_score_shape_strong_ablation.json,424
analysis/146_score_shape_strong_ablation.md,315
analysis/147_score_shape_strong_final_decision.json,68
analysis/148_score_shape_stop_or_submit_decision.json,191
analysis/148_score_shape_stop_or_submit_decision.md,185
analysis/150_data_signal_inventory.json,43758
analysis/150_data_signal_inventory.md,542
analysis/151_retrieval_cooccurrence_report.json,851
analysis/151_retrieval_cooccurrence_report.md,246
analysis/152_pseudo_validation_evaluator.json,1796
analysis/152_pseudo_validation_evaluator.md,306
analysis/153_new_model_family_probe.json,381
analysis/153_new_model_family_probe.md,173
analysis/154_final_new_signal_candidate_decision.json,360
analysis/155_new_signal_stop_or_submit_decision.json,180
analysis/155_new_signal_stop_or_submit_decision.md,193
analysis/156_official_data_source_recheck.json,2209
analysis/156_official_data_source_recheck.md,541
analysis/157_local_file_inventory.json,18031
analysis/157_local_file_inventory.md,206
analysis/157_local_file_manifest.csv,122469
analysis/158_data_dependency_trace.json,88637
analysis/158_data_dependency_trace.md,6273
analysis/159_local_file_classification.json,107258
analysis/159_local_file_classification.md,277
analysis/160_cleanup_actions.csv,15447
analysis/160_cleanup_plan.json,118
analysis/160_cleanup_plan.md,122
analysis/161_workspace_integrity_check.json,338
analysis/161_workspace_integrity_check.md,139
analysis/162_e_drive_found_archives.csv,191
analysis/163_official_download_receive.json,1017
analysis/163_official_download_receive.md,158
analysis/164_official_extract_report.json,1282
analysis/164_official_extract_report.md,135
analysis/165_official_data_schema.json,44422
analysis/165_official_data_schema.md,286
analysis/166_real_data_pipeline_plan.json,48721
analysis/166_real_data_pipeline_plan.md,173
analysis/167_real_validation_split.json,916
analysis/167_real_validation_split.md,188
analysis/168_real_retrieval_cooccurrence_report.json,1014
analysis/168_real_retrieval_cooccurrence_report.md,458
analysis/169_real_model_family_probe.json,319
analysis/169_real_model_family_probe.md,201
analysis/171_real_data_stop_or_submit_decision.json,211
analysis/171_real_data_stop_or_submit_decision.md,223
analysis/172_official_download_gate.json,611
analysis/172_official_download_gate.md,299
analysis/173_empty_pipeline_archive.json,779
analysis/173_empty_pipeline_archive.md,649
analysis/174_registry_fix_empty_real_data.json,279
analysis/174_registry_fix_empty_real_data.md,278
analysis/175_after_empty_cleanup_integrity.json,579
analysis/175_after_empty_cleanup_integrity.md,287
analysis/176_real_retrieval_signal_audit.json,1908
analysis/176_real_retrieval_signal_audit.md,342
analysis/177_conservative_retrieval_grid_report.json,37333
analysis/177_conservative_retrieval_grid_report.md,1941
analysis/178_retrieval_candidate_eval.json,10462
analysis/178_retrieval_candidate_eval.md,2005
analysis/180_guarded_retrieval_submit_decision.json,302
analysis/180_guarded_retrieval_submit_decision.md,233
analysis/181_exploratory_submit_policy_fix.json,4012
analysis/181_exploratory_submit_policy_fix.md,696
analysis/181_wsl_environment_check.json,14220
analysis/181_wsl_environment_check.md,677
analysis/182_exploratory_submit_decision.json,2046
analysis/182_exploratory_submit_decision.md,615
analysis/183_jittor_baseline_framework_audit.json,2774
analysis/183_jittor_baseline_framework_audit.md,675
analysis/184_jittor_baseline_smoke_test.json,1854
analysis/184_jittor_baseline_smoke_test.md,460
analysis/191_wsl_only_environment.json,1873
analysis/191_wsl_only_environment.md,191
analysis/192_jittor_cpu_only_check.json,396
analysis/192_jittor_cpu_only_check.md,253
analysis/193_baseline_files.txt,434
analysis/193_baseline_grep.txt,23725
analysis/193_official_craft_baseline_wsl.json,973
analysis/193_official_craft_baseline_wsl.md,418
analysis/194_jittor_baseline_smoke_wsl.json,8715
analysis/194_jittor_baseline_smoke_wsl.md,218
analysis/195_baseline_logic_extraction.json,706
analysis/195_baseline_logic_extraction.md,655
analysis/196_177b_success_source_wsl.json,2524
analysis/196_177b_success_source_wsl.md,418
analysis/197_wsl_refined_retrieval_grid.json,37993
analysis/197_wsl_refined_retrieval_grid.md,2485
analysis/198_wsl_refined_candidate_eval.json,10316
analysis/198_wsl_refined_candidate_eval.md,188
analysis/200_wsl_final_submit_decision.json,1492
analysis/200_wsl_final_submit_decision.md,430
analysis/201_repo_logic_inventory.json,94335
analysis/201_repo_logic_inventory.md,9186
analysis/202_199_regression_analysis.json,7446
analysis/202_199_regression_analysis.md,1070
analysis/203_real_signal_feature_bank.json,471
analysis/203_real_signal_feature_bank.md,162
analysis/204_candidate_segments.json,5115
analysis/204_narrow_retrieval_segments.json,7141
analysis/204_narrow_retrieval_segments.md,588
analysis/dataset2_gated_rows.csv,46923
analysis/dataset2_high_disagreement_rows.csv,759894
analysis/dataset2_segment_report.md,813
analysis/dataset2_segment_stats.csv,3203
analysis/local_metric_vs_lb.csv,1479
analysis/local_metric_vs_lb_report.md,1235
analysis/router_candidate_segments.csv,1490
analysis/specialist_router_potential.csv,28523
analysis/specialist_router_report.md,512
analysis/submission_alignment_audit.md,590
analysis/submission_family_matrix.csv,5067
analysis/submission_family_summary.md,2253
analysis/submission_format_audit_121.md,670
analysis/submission_format_audit_125.md,653
analysis/submission_format_audit_127.md,654
analysis/submission_pairwise_overlap.csv,33666
configs/enhanced.json,203
official_data_recheck/file_manifest.csv,412
official_data_recheck/README_download_source.md,477
outputs/.keep_website_submission_dirs.txt,426
outputs/smoke_blend_dataset2_submission.zip,16964
outputs/smoke_ensemble_scores.zip,15887
outputs/smoke_neural_dataset2_limited_submission.zip,63617
outputs/smoke_neural_submission.zip,60664
outputs/smoke_stream_dataset2_submission.zip,20203
outputs/smoke_stream_submission.zip,18876
scripts/analyze_196_177b_success_source_wsl.py,3841
scripts/analyze_202_199_regression.py,7148
scripts/analyze_dataset2_segments.py,7175
scripts/analyze_local_metric_vs_lb.py,5090
scripts/analyze_specialist_router_potential.py,4192
scripts/analyze_submission_family_matrix.py,7406
scripts/archive_173_empty_pipeline_artifacts.py,3550
scripts/audit_176_real_retrieval_signal.py,6671
scripts/audit_183_jittor_baseline_framework.py,3864
scripts/audit_193_official_craft_baseline_wsl.py,3126
scripts/audit_201_repo_logic_inventory.py,6137
scripts/audit_objective_postprocess.py,11693
scripts/audit_submission_format_and_alignment.py,5214
scripts/build_140_error_map.py,7695
scripts/build_150_data_signal_inventory.py,5309
scripts/build_152_pseudo_validation_evaluator.py,3084
scripts/build_157_local_file_inventory.py,3939
scripts/build_166_real_data_pipeline.py,2608
scripts/build_167_real_validation_split.py,3492
scripts/build_203_real_signal_feature_bank.py,3726
scripts/check_172_official_download_gate.py,2705
scripts/check_181_wsl_environment.py,5793
scripts/check_191_wsl_only_environment.py,2281
scripts/check_192_jittor_cpu_only.py,2057
scripts/classify_159_local_files.py,1315
scripts/cleanup_160_archive_unused.py,2486
scripts/evaluate_130_candidate.py,6419
scripts/evaluate_178_retrieval_candidates.py,3585
scripts/evaluate_198_wsl_refined_candidates.py,3801
scripts/evaluate_207_narrow_segment_candidates.py,3869
scripts/evaluate_candidate_with_pseudo_validation.py,209
scripts/extract_164_official_archives.py,2826
scripts/extract_195_baseline_logic.py,2395
scripts/fix_174_registry_empty_real_data_run.py,8362
scripts/fix_181_exploratory_submit_policy.py,6660
scripts/inspect_165_official_data_schema.py,4409
scripts/make_129_lgbm_guarded_ablations.py,11439
scripts/make_142_segment_specialist_candidate.py,4891
scripts/make_143_score_shape_rebuild.py,3647
scripts/make_144_final_structural_submit.py,3879
scripts/make_145_score_shape_strong_sweep.py,9457
scripts/make_146_score_shape_strong_ablation.py,2161
scripts/make_147_score_shape_strong_final.py,3589
scripts/make_148_score_shape_decision.py,1720
scripts/make_151_retrieval_cooccurrence_expert.py,3711
scripts/make_153_new_model_family_probe.py,1357
scripts/make_154_final_new_signal_candidate.py,1375
scripts/make_155_new_signal_decision.py,1541
scripts/make_168_real_retrieval_cooccurrence_expert.py,8440
scripts/make_169_real_model_family_probe.py,1190
scripts/make_170_final_real_data_candidate.py,1909
scripts/make_171_real_data_decision.py,1759
scripts/make_177_conservative_retrieval_grid.py,8422
scripts/make_179_final_guarded_retrieval_candidate.py,3058
scripts/make_180_guarded_retrieval_submit_decision.py,2910
scripts/make_182_exploratory_submit_decision.py,13596
scripts/make_197_wsl_refined_retrieval_grid.py,5577
scripts/make_199_final_wsl_candidate.py,2858
scripts/make_200_wsl_final_submit_decision.py,3262
scripts/make_205_narrow_segment_retrieval_grid.py,6758
scripts/make_208_final_narrow_segment_candidate.py,3454
scripts/make_209_optional_enhanced_jittor_candidate.py,2116
scripts/make_210_narrow_segment_submit_decision.py,3782
scripts/make_dataset2_segment_router_submission.py,10402
scripts/make_teacher_replay_calibration_refusion.py,10095
scripts/mine_204_narrow_retrieval_segments.py,3990
scripts/probe_141_new_expert_family.py,4085
scripts/receive_163_official_downloads.py,2600
scripts/register_133_131_129.py,12411
scripts/register_140_144.py,8998
scripts/register_145_148.py,6463
scripts/register_150_155.py,5939
scripts/register_162_171_e_drive_recovery.py,10560
scripts/register_163_171_real_data_recovery.py,9226
scripts/register_176_180_guarded_retrieval.py,8371
scripts/register_181_184_exploratory_and_baseline.py,11876
scripts/register_191_200_wsl_only_run.py,12138
scripts/register_201_210_narrow_segment_run.py,8311
scripts/retrieval_guarded_utils.py,8849
scripts/run_184_jittor_baseline_smoke_test.py,3313
scripts/run_194_jittor_baseline_smoke_wsl.py,3086
scripts/smoke_test.py,1752
scripts/smoke_test_track2.py,2325
scripts/structural_utils.py,3418
scripts/trace_158_data_dependencies.py,2707
scripts/track1_analysis_utils.py,6359
scripts/v2_archive_legacy_experiments.py,88
scripts/v2_audit_datasets.py,88
scripts/v2_audit_model_routes.py,84
scripts/v2_audit_task_definition.py,90
scripts/v2_build_feature_bank.py,84
scripts/v2_build_local_validation.py,92
scripts/v2_cleanup_local_workspace.py,290
scripts/v2_evaluate_candidates.py,98
scripts/v2_github_prepare_and_push.py,88
scripts/v2_make_submission_candidates.py,80
scripts/v2_pipeline.py,35861
scripts/verify_161_workspace_integrity.py,1988
scripts/verify_175_after_empty_cleanup.py,2934
scripts/write_156_official_data_source_recheck.py,4421
scripts/write_direction_reset_docs.py,6294
scripts/wsl_retrieval_refine_utils.py,8676
submissions/deleted_obsolete_submissions_20260512.txt,1700
submissions/deleted_obsolete_submissions_20260515.txt,2783
submissions/README_101_102_CN.md,1365
submissions/README_103_105_CN.md,1136
submissions/README_106_109_CN.md,1103
submissions/README_110_111_CN.md,1055
submissions/README_112_115_CN.md,1202
submissions/README_116_118_CN.md,1048
submissions/README_119_121_CN.md,1089
submissions/README_CURRENT_ORDER_CN.md,1825
submissions/README_SUBMISSIONS_CN.md,37460
track1_dynamic_rec/data.py,18037
track1_dynamic_rec/features.py,11382
track1_dynamic_rec/metrics.py,2294
track1_dynamic_rec/model.py,3846
track1_dynamic_rec/submission.py,3593
track1_dynamic_rec/train_utils.py,1001
track1_dynamic_rec/__init__.py,160
workspace_baseline_wsl/main.py,12291
workspace_baseline_wsl/readme.md,2250
workspace_baseline_wsl/requirements.txt,149
.git/hooks/applypatch-msg.sample,478
.git/hooks/commit-msg.sample,896
.git/hooks/fsmonitor-watchman.sample,4726
.git/hooks/post-update.sample,189
.git/hooks/pre-applypatch.sample,424
.git/hooks/pre-commit.sample,1643
.git/hooks/pre-merge-commit.sample,416
.git/hooks/pre-push.sample,1374
.git/hooks/pre-rebase.sample,4898
.git/hooks/pre-receive.sample,544
.git/hooks/prepare-commit-msg.sample,1492
.git/hooks/push-to-checkout.sample,2783
.git/hooks/sendemail-validate.sample,2308
.git/hooks/update.sample,3650
.git/info/exclude,240
.git/logs/HEAD,314
.git/logs/refs/heads/main,314
.git/logs/refs/remotes/origin/main,276
.git/objects/00/e86cd5ee2bf98ec3ec91f8a66b3c2fed6267af,442
.git/objects/01/01a001e34b07e0abda5eb4b6248009635df0a0,835
.git/objects/03/82cc9559f70d9266c25b755b4c6dc0caebb320,58
.git/objects/07/8c4728bd6f026b0570e278a38eaf48abf211a7,2451
.git/objects/09/5975abc27c22f4e11322594a0ec0bb115dc296,1591
.git/objects/0a/fc153e6eb0768df86703db1f2d76e6775855f6,1379
.git/objects/0c/077e6c4e7e94552775d7170b2dc78080125afa,1338
.git/objects/0c/1250e50418513a711768c806daacacff416f9d,961
.git/objects/0d/1c034bb79b76fd0b2b93f8e3ef9f1b388e3a86,3117
.git/objects/0d/333f81d469b4f608b93470e48b5a6eabe31723,396
.git/objects/0e/272184a4bc0ede0bc5cb5d40040963bffd05a5,672
.git/objects/0e/fd2be5230313351ef13b5cd7336ed1c348cfd0,1338
.git/objects/0f/ad60175bd9b02849179080188767a0c34ae1bb,1580
.git/objects/0f/e75e5aa289e33f7a13d85121f75bad62cb64f8,4626
.git/objects/10/566330d8d6394558874fe2fe7fc27d870be858,1521
.git/objects/12/acaa1ef68568a6b25b2be43d8f8d283304af60,872
.git/objects/13/519a3fec8ba8370ea672687024e9f5d9276b5c,2237
.git/objects/13/de6adeee9e900d74c3a30849f9f0d941e4b477,374
.git/objects/16/6e0e311dbedf08f0d80ad8b7c74d407432950e,5646
.git/objects/16/873c15662cde66c86f1b2b1118790c17ff7a27,1036
.git/objects/18/c4fc8b98f82cc9974e5c5639c2c09b95d08446,1512
.git/objects/18/efa468b6b024a9839816e3dbd6884ba0a76eeb,533
.git/objects/1b/9926bdefe17c80c72bc10e4274d96206409051,5825
.git/objects/1c/7d00ff5ab57b9c7608822d9873c2f01e385472,2240
.git/objects/1f/51254c3287e487a007ef53b3c6d4fff5a1c9bb,3297
.git/objects/21/47d1c2822ddbf7bff1f534fce602123dcc85f9,300
.git/objects/21/aa9444e5fcd72bb42ed3fe1fe87fdec5f9bb17,492
.git/objects/21/f014d09dc1a602572e7abed8f10bfa7710c4d3,1792
.git/objects/22/b479130086f694dc164d484da0d8746aaef2b3,860
.git/objects/24/4aa73a2a7275ceb689712a224373c778cb8dbb,1240
.git/objects/24/6f6e7c71e0aca039acd616e7429a59ded637e0,322
.git/objects/25/f025334dc13626d526412ab90c372b2a053bb9,733
.git/objects/28/21c1c93d8453a7d23636a75220c314d2a6ac19,826
.git/objects/2b/4e69c0ca706ff8354d9f9ecf925bdb1cabd7e3,176
.git/objects/2c/e9e6c3e189be2613fa487aa060a096d2bf22a6,309
.git/objects/31/05ccdb7e833679f409f3fb1dd7413fc73933d1,1341
.git/objects/36/1e05fe0f6edcfa36ff759ea09fc3415246c7a7,2483
.git/objects/38/6b5a9615b322b9920e6e32888efaaa270bf3bf,90
.git/objects/38/717b4f955fc2b7eceb1d9af24d9c1ab9241b03,1672
.git/objects/3b/5ddcca79d2cb12ca3a4b452c53cb700c679340,1032
.git/objects/3b/f3604db6e2a5645e2de355d8fc3e5c01941861,1736
.git/objects/3c/0693aa2b363cd7dacfa07b31c77c867178857f,1429
.git/objects/3d/5259c8c7945233dc96b00df82bd46781a70a6d,972
.git/objects/3d/6cf163b87efd7896a1cc47d971b6019b74b72c,3046
.git/objects/3d/ad1598b8addb5534f4edd9dd74ff8334f3d447,423
.git/objects/3d/e6a1c5da19873040f477d44c8c28a5af6fa69c,1782
.git/objects/40/7339f5159d14348753c0a3ca92c877a9ed69f4,1746
.git/objects/42/dac919d78df0414870bf1979cc1a117968ff55,133
.git/objects/43/14d7be1593be9faa1fd3d00ab5940a3a772181,277
.git/objects/44/00e55d4d8e04f72910251fd33e0d4168ed60a9,366
.git/objects/44/4b19aeca6d0a4eb4584a3b86edbf4ddcb183c5,2897
.git/objects/45/5dd9fa8bb898841bb080e87b19910a3b1f546d,1018
.git/objects/47/34f92b088a7984a18b13b1619536250e7fc6f5,505
.git/objects/47/8cf814b30f270e1d814145d4bc58253844c217,539
.git/objects/4b/98086f11c53fd7f57c734f9aaafd066b30be1f,1921
.git/objects/4c/6789384477c68fe7a71735f7546a98d1cc5699,2847
.git/objects/4c/de49706fe0416ae04853df5816c3939d9baef4,910
.git/objects/50/65d06bd85702d09b3bb456f99b74e2a885983f,392
.git/objects/51/1f3a59d08892b9cdd38043f38d589c87ee402d,3281
.git/objects/52/1c4cea63466791635502da6f613b44966c0c7f,2307
.git/objects/52/6bb01f019353e97bbfeb70cf8b705b028bbdbc,515
.git/objects/52/bcc372209733eaf4c064da0a6e2ce0af552670,782
.git/objects/54/8e8184dafbdd271e13721cf65ce1da66abb18f,1507
.git/objects/55/681f215882996ddf217005fac2cd13e11fec49,281
.git/objects/57/cbfad00ee2e3a833aa7fb25186fc5d8e6e4451,2026
.git/objects/58/2c78ac22412091092239dc42f007bb65352eba,1772
.git/objects/58/d7806a718f97f5991367f7f49c2b5fe5af00da,866
.git/objects/5a/f22a914d8aa45354cb8e6c2d4193db4b1e22a6,2946
.git/objects/5b/9609a6f7baef1669e8f270ffa5f59bb194fc7f,2074
.git/objects/5e/fcbf8ae99de7d2c66e6999ac2c0372004eeebc,1036
.git/objects/5f/f18bf156c9a503dcb30fce2df76753505b6e46,1292
.git/objects/61/22d6a5f15bddd6d1744ebe670e5f866aee1509,933
.git/objects/62/66bdbfac67fdc132ea4afa7d0939a330e76697,245
.git/objects/62/8d5c5a78a39b32c77db6752656155deeac8b88,742
.git/objects/63/181fcaaec7ccb0f09362bbc6a30a74e8f053eb,347
.git/objects/63/ce13e79819d6772fd4ce09e0b99f5a29cf14d5,1409
.git/objects/66/1454c261d08b550ad4ea51b5c36152854eb28f,1524
.git/objects/67/65c6fc17ac6e757fbdcb98d1fc8935189ed060,1851
.git/objects/67/bf40b4fdd29c7c6b51355e014044ca02b9e915,1645
.git/objects/69/97fb3b9a73bd01dc2e5028761c5032dab7a9de,436
.git/objects/69/e7c53905c2fc86de249066ca01a539be7b04e5,130
.git/objects/6a/cd147de67b2aaffafc896e1afe3c01d3070811,4346
.git/objects/6b/9444787ba556ecfb1554cc8f8e8233ad8f8754,2108
.git/objects/6c/388540341d60e6d9aa273038adc970192a12f2,337
.git/objects/6d/3bb5338a28a1b6309496f8aa1a9bdbb81e7898,1224
.git/objects/6f/b00f65c74eb2ec87c07c752ae769c7d019d996,2343
.git/objects/6f/e33ee13dd86b13155083bff5514c791d5e0c93,778
.git/objects/70/2d648a15ed5c3f655ff3bae3bc6e3fd75862de,1253
.git/objects/70/517a03cf9f728ccb7420b6f14a9d00a1950067,1092
.git/objects/70/d8a9930ac3af921dc4be06711189322e9c5430,1689
.git/objects/71/7b61d260372e8b77d124a476ffa8578e4b738d,2264
.git/objects/71/b59fb5f9650d20e1405b479ba20c0db6617522,207
.git/objects/72/0aaaf04e7891dbbc275dd239608cc0a1aac41f,3267
.git/objects/74/b722fcc3851ccc41782db542add3ef95576c90,459
.git/objects/78/107724a80cdd2eb7230a565767f00ef58ef41f,2879
.git/objects/78/93b346dc7314e4174b40ef02d73a5bc82dca01,435
.git/objects/78/bb16fbfe00e5a22a9889d74ed4a06a9c92fcb9,2051
.git/objects/7a/20311cfac8cb162bf7d7fd7db295eb47108c73,908
.git/objects/7a/2cdc5f9b0d9bb287cef243f0d8e0670488f960,1492
.git/objects/7b/1327560f73d026e51e8484a921dd48ac74377d,1881
.git/objects/80/ef8a927c83965df002d87a3355f42037c3400e,1139
.git/objects/82/4ff4f1c016e11e66ebdd852b73f03761c576fb,2060
.git/objects/82/80b605495c350cc70fbad39386c23c933b7ad1,347
.git/objects/82/e564fc6536d83fd5ba742b52b85392ee156a42,2411
.git/objects/85/ea30658d00fc746eeab16068ec9d8ee1576e2a,899
.git/objects/86/0f28e9d710cd29c23107216345aac76ac3a108,586
.git/objects/87/1b35df4a3427fe27f273836153e836267d5b42,524
.git/objects/87/9a00c9946eb8b61c055b22920cf9977b85fc2e,2261
.git/objects/87/cf2dc1bbeb9c770475c3db4c7a1e3cca3aa2e8,856
.git/objects/88/9b16e66e8d0197d2b93a9d3ce138b7466b5512,4104
.git/objects/8a/b674fa7402fdf84c5fa94fe72c63a8f911ac2e,6174
.git/objects/8a/c7ce9c079af14051efd59fba383576f11cd682,1730
.git/objects/8c/43980822018a2e7c73b0c759d2b6844b6bfd81,2491
.git/objects/8c/8eb37508892db297fac6cdfc635ab3d93ea68d,3128
.git/objects/90/c09a5a5150440bb57a8dffb67e53e0726c9df0,1359
.git/objects/93/b791a68751179ab7e4fb92296e2f00ee69e914,1373
.git/objects/94/51d00f1447c0909ebf3fa408777e460376b3f9,9107
.git/objects/95/7293cfd3e530b384703afeabb4fcda8b7d6c06,2612
.git/objects/95/8cf75ad9303a0c0c3f547442c0217271a6199c,118
.git/objects/99/706cfe6776a1588856c65809d866b45578549d,2855
.git/objects/99/df02c329bdcf3964975120467403b820da6599,2855
.git/objects/9b/3cd2261345ab4e719b3782ce669a3d75877662,5392
.git/objects/9b/e69546c485d3db5e19202595ce720188315ff9,1755
.git/objects/9c/66e178524432e7d01c24fcf473abbded0e772c,2686
.git/objects/9e/330ddd5171b615791d7b33161835955d92fc3b,1889
.git/objects/9e/c584c866f5b8eb5c5881b8bd807614e82b738c,7739
.git/objects/9f/4c402bd4039509b1554ac385c150de7306034a,999
.git/objects/9f/b7e157fa774b3bc58d5a61ecbb0fa1bee11ae8,860
.git/objects/a0/0b7e54b483b5ded8166c1347194ca66ebf299f,383
.git/objects/a0/f2daa14df543881b10c3bc1c6e0232dfdf73ad,4170
.git/objects/a1/175edf6aa3a18eb9c7a48784d6dc6b8bfad13e,3642
.git/objects/a6/37240052b730296af0487510aacede079bd975,884
.git/objects/a8/3c2ad78d6a199a4a462008962b1ac355500498,1141
.git/objects/a8/7962fd7fe279fb8b0598611f9ee3946ce391cf,373
.git/objects/a9/b817734e9e4ed9dec0784c66e6ada2053a663a,1364
.git/objects/ab/907439a666af1c88c0446423d0a9d09c4761ee,995
.git/objects/ac/31bf1e983568d6d10ab2a284f71398dbed80f9,1221
.git/objects/ac/5c741160fddfb4ec6f49b6f2bc91df6a30b19a,3292
.git/objects/ac/6aabc5a69d5845cdd145b03db21d2eb88f7699,169
.git/objects/ad/0a125165d160f4db9cf6024029053cb12181b2,512
.git/objects/ad/6309d689fbb6e5ebcd18dab2d1e9a3062f796a,4084
.git/objects/ad/68f6717a13a644a7e112582ed5542aac3b7f32,1254
.git/objects/b0/603fdb625ff2a1d599f19db5295f6787feb459,676
.git/objects/b0/6b748e3782ef1c9e3d74f71ff3eedb2d3467d1,1894
.git/objects/b0/f013f541e2bbd00c9335085932e891eb1db13d,132
.git/objects/b1/9654d562a921b4754c06373bf161c7e114e60b,248
.git/objects/b2/4dcfc1e027e73ca22cb518d16d69d7ae4f647a,95
.git/objects/b5/a9bca894e6949116ad251c24dce98f1531c3bc,252
.git/objects/b7/07dff5b2493bc00a967835a0bcad71ca513610,168
.git/objects/b7/5b8738bf4274f4dd187965d1b05dc854ff4cb5,850
.git/objects/b8/ade7f43e7f4b250618a24b211128f0ae14266c,509
.git/objects/b9/7bc5cbc054f504aae4dfd30a74ade8ff7b4618,2163
.git/objects/ba/01034139ca1885b6ece89f7a30bb5d2a27f604,2890
.git/objects/ba/964706afd70db4ddd03f204306115efe5721f6,1385
.git/objects/bc/4dd6065c16681989c91d79d795d66aecc14acc,1980
.git/objects/bd/5a8e431e294a90405524b71c87924a04b831d6,336
.git/objects/bf/a16e806b41d06ef8ee848b326d42a0b501daf2,1214
.git/objects/c1/4327a29269c47d583f158f7f7d051ea4656c8e,10674
.git/objects/c3/f7870d37480bff04e113a3239c72d41d558456,1293
.git/objects/c4/36308fa619f126a1633de54614afc95b639ebf,128
.git/objects/c4/f88cea972e80cbee11bf4b8420e6be06621448,474
.git/objects/c5/7728a2c9d2dcd2d061ca81310a92e645b507c0,882
.git/objects/c5/9051908eec70bd40a54d77494f77cc8ec36492,149
.git/objects/c5/da78d07c00d6a5009ff2c7fe88c9264c642f44,1768
.git/objects/c6/0f28ed5f5192cfc8952eaee31b5ced007a3cc3,1349
.git/objects/c6/836bdcb05a6a454948d44eb99fc556d8eacfbe,1434
.git/objects/c6/889a9c5331f7585f6d731d41f9f89d3e32eb7f,1575
.git/objects/c6/dc00866227ba69709f0a671be1d2f40565bf14,2387
.git/objects/c7/a9625185a2d2c76b7b2722c2db0afa394afe5f,558
.git/objects/c9/0f376a366da2433132c084849ce5a016e704fa,790
.git/objects/ca/6256b63cee403568a2ffdc9ccd041351ca0c93,1520
.git/objects/ca/baeedb9d5ba052690908bb3273b307485234b5,493
.git/objects/ca/caed29ecd5e1bf1926913102b4a4f9068a774a,1676
.git/objects/cc/bcc9bd15da74ce8d5ef4fde78aa01869a407a7,809
.git/objects/ce/c7a82cbfc7851cfb55c6d4c53365518f081a01,1693
.git/objects/cf/a7bebd34d6172e114614615e04b07964f6c46b,688
.git/objects/d3/6d341c7603734de169e9775039c520d9513c3b,3328
.git/objects/d3/c22ee782477ba64f6ede494e7053faefcd3d7b,438
.git/objects/d4/d41ad8fc016d610693e3c5e816b9f89293ea9d,609
.git/objects/d5/c86687c7ad87af5d84a48d94e29f0e38b093b8,73
.git/objects/d7/b855e0338bfc3eaf5254072bf057b61d943bff,2273
.git/objects/db/7d683f9113caf21301d12ccb7f7e3477458a3d,742
.git/objects/df/58bd677e565397eb6919dbdf66a22713ec2299,1068
.git/objects/df/71a7c9acf679c990dc1345464b0f92c8046870,3076
.git/objects/e0/8c979dc7a7682842ab1822e9e8a7125898f4dd,1287
.git/objects/e1/b2eda460074f94d1a67717e2e8a5b27d151f2a,889
.git/objects/e5/d8f03a2c8c49d377b1bbaea7285cc48f5126a6,1930
.git/objects/ea/b2703c4c03ccfc117e2e92ae5c52d98cb6d750,762
.git/objects/ea/f00e641ad371742ecca40681b376df10bb3160,2029
.git/objects/ec/6a9b6b027f8afa69579f4fcf06c61b99202672,729
.git/objects/ec/a3e2cc1d02ecd3d73c247e2166ad744313346d,1111
.git/objects/ed/6e3f1b48863df818e498567e04e5fd25348b75,1567
.git/objects/ed/70967501c92aa9745bde4d05d9a81bf139578d,162
.git/objects/ed/90e1fbeaf6d2630bd1069e3325c20f2fdd25d8,5641
.git/objects/ee/1cb3d0ca32803b815986ed02f51f6ce3f32da0,454
.git/objects/ee/de86880ab8cdbdbea6e3d3212a9bd77ee45635,4839
.git/objects/f0/8158cac9cad934d130d4f4e279376822253f42,1404
.git/objects/f0/9f512dad4e33967a62fc6975644138368bd2a1,3000
.git/objects/f0/ae3f84e005085f075a72ab4b3db35cf2b4af49,162
.git/objects/f2/8e987d88d917c6004b381baac385a7f4d2210c,1824
.git/objects/f3/b11556a09546c3ee0697919cdca2b53c1f338b,201
.git/objects/f3/b1610faa17c0cddebcf18ae275d9b03fb19cdf,1110
.git/objects/f4/2ddcaf1d9f49fabe1f0d6788a8dadb7b9fc8dd,2389
.git/objects/f5/378c909a5f0a2a67f44aa6b2f87a0cb4f65773,6930
.git/objects/f7/f8493294f0547f6ad2ca7fd1f2c6c3173c2e71,338
.git/objects/f9/d013a6da2b96bece3522db68e46be2e54e2d6c,3932
.git/objects/fa/4084e3da9a23a68b5f5266383cea93adcda624,906
.git/objects/fa/a31aa3b09a9a8130a09b4a6e3e7897396bb330,2529
.git/objects/fc/8151034328be044d45aa1cd05907d8422d4c44,924
.git/objects/fc/c9c9c5f6fb33bff45c72847464dace35813cc6,2145
.git/objects/fd/d152c67d3db865ee8fea848ee1baa5a97d4400,1023
.git/objects/fe/4a99f205d6383ce4585e61b4fa4fca3548aff5,1128
.git/objects/fe/9c75f092c1118f489988e5e18230611577f994,198
.git/objects/ff/5f4af1b8150a989d1238d059ff8d964f01c139,3825
.git/refs/heads/main,41
.git/refs/remotes/origin/main,41
analysis/archive/current_active_workspace.md,266
analysis/archive/legacy_archive_report.json,10598
analysis/archive/legacy_archive_report.md,224
analysis/candidate_eval/candidate_eval_report.json,8466
analysis/candidate_eval/candidate_eval_report.md,466
analysis/candidate_eval/generated_candidates_v2.json,6512
analysis/data_audit/dataset_audit.json,4434
analysis/data_audit/dataset_audit.md,316
analysis/evidence/evidence_registry.json,4059
analysis/evidence/evidence_registry.md,3355
analysis/features/feature_bank_report.json,685
analysis/features/feature_bank_report.md,402
analysis/github_sync/github_sync_report.json,356
analysis/github_sync/github_sync_report.md,163
analysis/local_validation/validation_design.json,445
analysis/local_validation/validation_design.md,496
analysis/model_routes/model_routes.json,4568
analysis/model_routes/model_routes.md,1000
analysis/submit_decision/submit_decision.json,499
analysis/submit_decision/submit_decision.md,366
analysis/task_audit/task_definition.json,534
analysis/task_audit/task_definition.md,394
data/cache/203_feature_bank_dataset2.npz,2599867
data/cache/v2_dataset1_feature_bank.npz,47398354
data/cache/v2_dataset2_feature_bank.npz,100471471
data/processed/dataset_summary.json,48721
data/processed/schema.json,44422
data/splits/dataset1_train_idx.npy,4697888
data/splits/dataset1_valid_idx.npy,829152
data/splits/dataset2_train_idx.npy,15376848
data/splits/dataset2_valid_idx.npy,2713672
data/splits/v2_dataset1_validation.npz,1046257
data/splits/v2_dataset2_validation.npz,3423527
data/official_raw_recovered/craft_baseline/main.py,12291
data/official_raw_recovered/craft_baseline/readme.md,2250
data/official_raw_recovered/craft_baseline/requirements.txt,149
data/official_raw_recovered/data_A (1)/dataset1/test.csv,34799230
data/official_raw_recovered/data_A (1)/dataset1/train.csv,13779213
data/official_raw_recovered/data_A (1)/dataset2/test.csv,94708011
data/official_raw_recovered/data_A (1)/dataset2/train.csv,58806859
official_data_recheck/downloads/craft_baseline.zip,4844
official_data_recheck/downloads/data_A (1).zip,70850547
official_data_recheck/extracted/craft_baseline/main.py,12291
official_data_recheck/extracted/craft_baseline/readme.md,2250
official_data_recheck/extracted/craft_baseline/requirements.txt,149
official_data_recheck/extracted/craft_baseline/__pycache__/main.cpython-313.pyc,18477
official_data_recheck/extracted/data_A (1)/dataset1/test.csv,34799230
official_data_recheck/extracted/data_A (1)/dataset1/train.csv,13779213
official_data_recheck/extracted/data_A (1)/dataset2/test.csv,94708011
official_data_recheck/extracted/data_A (1)/dataset2/train.csv,58806859
official_data_recheck/extracted_wsl/craft_baseline/main.py,12291
official_data_recheck/extracted_wsl/craft_baseline/readme.md,2250
official_data_recheck/extracted_wsl/craft_baseline/requirements.txt,149
official_data_recheck/extracted_wsl/data_A/dataset1/test.csv,34799230
official_data_recheck/extracted_wsl/data_A/dataset1/train.csv,13779213
official_data_recheck/extracted_wsl/data_A/dataset2/test.csv,94708011
official_data_recheck/extracted_wsl/data_A/dataset2/train.csv,58806859
outputs/001_dual_retrieval_baseline/dataset1.csv,67156100
outputs/001_dual_retrieval_baseline/dataset2.csv,168762000
outputs/001_dual_retrieval_baseline/model_card.md,660
outputs/001_dual_retrieval_baseline/summary.json,824
outputs/002_dual_time_decay_ranker/dataset1.csv,67156100
outputs/002_dual_time_decay_ranker/dataset2.csv,168762000
outputs/002_dual_time_decay_ranker/model_card.md,662
outputs/002_dual_time_decay_ranker/summary.json,824
outputs/003_dual_cooc_transition_ranker/dataset1.csv,67156100
outputs/003_dual_cooc_transition_ranker/dataset2.csv,168762000
outputs/003_dual_cooc_transition_ranker/model_card.md,682
outputs/003_dual_cooc_transition_ranker/summary.json,854
outputs/004_dual_candidate_ranker/dataset1.csv,67156100
outputs/004_dual_candidate_ranker/dataset2.csv,168762000
outputs/004_dual_candidate_ranker/model_card.md,679
outputs/004_dual_candidate_ranker/summary.json,839
outputs/005_dual_dataset_specific_ranker/dataset1.csv,67156100
outputs/005_dual_dataset_specific_ranker/dataset2.csv,168762000
outputs/005_dual_dataset_specific_ranker/model_card.md,686
outputs/005_dual_dataset_specific_ranker/summary.json,860
outputs/006_jittor_craft_if_available/dataset1.csv,67156100
outputs/006_jittor_craft_if_available/dataset2.csv,168762000
outputs/006_jittor_craft_if_available/model_card.md,670
outputs/006_jittor_craft_if_available/summary.json,838
outputs/007_dual_blend_final/dataset1.csv,67156100
outputs/007_dual_blend_final/dataset2.csv,168762000
outputs/007_dual_blend_final/model_card.md,641
outputs/007_dual_blend_final/summary.json,791
outputs/assoc_heuristic_hard/dataset2_assoc_heuristic.json,1076
outputs/assoc_heuristic_hard/dataset2_assoc_tuning_log.csv,20303
outputs/combo_jittor/dataset2_combo_jittor.json,3817
outputs/combo_mlp_jittor_split0_internal/dataset2_combo_mlp.json,2486
outputs/combo_mlp_jittor_split0_internal/dataset2_combo_mlp.pkl,153187
outputs/combo_mlp_jittor_split0_internal_s3407_h192_fast/dataset2_combo_mlp.json,2509
outputs/combo_mlp_jittor_split0_internal_s3407_h192_fast/dataset2_combo_mlp.pkl,327779
outputs/enhanced_heuristic_hard/dataset1_enhanced_heuristic.json,1136
outputs/enhanced_heuristic_hard/dataset1_enhanced_tuning_log.csv,27901
outputs/enhanced_heuristic_hard/dataset2_enhanced_heuristic.json,1154
outputs/enhanced_heuristic_hard/dataset2_enhanced_tuning_log.csv,28684
outputs/enhanced_jittor_mlp/dataset1_enhanced_mlp.json,1342
outputs/enhanced_jittor_mlp/dataset1_enhanced_mlp.pkl,20201
outputs/enhanced_jittor_mlp/dataset2_enhanced_mlp.json,1242
outputs/enhanced_jittor_mlp/dataset2_enhanced_mlp.pkl,20201
outputs/heuristic_linear_tuned/dataset1_linear_heuristic.json,2405
outputs/heuristic_linear_tuned/dataset1_tuning_log.csv,19309
outputs/heuristic_linear_tuned/dataset2_linear_heuristic.json,2159
outputs/heuristic_linear_tuned/dataset2_tuning_log.csv,19530
outputs/lgbm_ranker_split0_internal_4242_hard/dataset2_lgbm_ranker.json,2782
outputs/lgbm_ranker_split0_internal_4242_hard/dataset2_lgbm_ranker.txt,7697353
outputs/release/track1_aggressive_source.zip,48858
outputs/release/track1_submission_bundle.zip,60974535
outputs/sequential_heuristic_hard/dataset1_sequential_heuristic.json,1302
outputs/sequential_heuristic_hard/dataset1_sequential_tuning_log.csv,27896
outputs/sequential_heuristic_hard/dataset2_sequential_heuristic.json,1291
outputs/sequential_heuristic_hard/dataset2_sequential_tuning_log.csv,29106
outputs/simple_heuristic_hard_shuffled/dataset1_hard_tuning_log.csv,17118
outputs/simple_heuristic_hard_shuffled/dataset1_simple_heuristic.json,954
outputs/simple_heuristic_hard_shuffled/dataset2_hard_tuning_log.csv,17363
outputs/simple_heuristic_hard_shuffled/dataset2_simple_heuristic.json,957
outputs/simple_heuristic_hard_tuned/dataset1_hard_tuning_log.csv,14890
outputs/simple_heuristic_hard_tuned/dataset1_simple_heuristic.json,903
outputs/simple_heuristic_hard_tuned/dataset2_hard_tuning_log.csv,14680
outputs/simple_heuristic_hard_tuned/dataset2_simple_heuristic.json,899
outputs/simple_heuristic_tuned/dataset1_simple_heuristic.json,1129
outputs/simple_heuristic_tuned/dataset1_tuning_log.csv,28517
outputs/simple_heuristic_tuned/dataset2_simple_heuristic.json,1073
outputs/simple_heuristic_tuned/dataset2_tuning_log.csv,28234
outputs/simple_jittor/dataset1_simple_jittor.json,1228
outputs/simple_jittor/dataset2_simple_jittor.json,1241
outputs/simple_jittor_noprior/dataset1_simple_jittor.json,1271
outputs/simple_jittor_noprior/dataset2_simple_jittor.json,1281
outputs/temporal_heuristic_hard/dataset2_temporal_heuristic.json,1740
outputs/temporal_heuristic_hard/dataset2_temporal_tuning_log.csv,23020
outputs/website_submission_106_major_candidate_meta_expert/dataset1.csv,67217151
outputs/website_submission_106_major_candidate_meta_expert/dataset2.csv,168915420
outputs/website_submission_106_major_candidate_meta_expert/result.zip,36563420
outputs/website_submission_107_major_candidate_meta_rank_fusion/dataset1.csv,67217151
outputs/website_submission_107_major_candidate_meta_rank_fusion/dataset2.csv,168915420
outputs/website_submission_107_major_candidate_meta_rank_fusion/result.zip,73508703
outputs/website_submission_108_major_candidate_meta_gate_stable/dataset1.csv,67217151
outputs/website_submission_108_major_candidate_meta_gate_stable/dataset2.csv,168915420
outputs/website_submission_108_major_candidate_meta_gate_stable/result.zip,74850518
outputs/website_submission_109_major_candidate_meta_gate_bold/dataset1.csv,67217151
outputs/website_submission_109_major_candidate_meta_gate_bold/dataset2.csv,168915420
outputs/website_submission_109_major_candidate_meta_gate_bold/result.zip,74307342
outputs/website_submission_110_major_online_weighted_rank_ensemble/dataset1.csv,67217151
outputs/website_submission_110_major_online_weighted_rank_ensemble/dataset2.csv,168915420
outputs/website_submission_110_major_online_weighted_rank_ensemble/result.zip,46338721
outputs/website_submission_111_major_online_weighted_rank_ensemble_scaled/dataset1.csv,67217151
outputs/website_submission_111_major_online_weighted_rank_ensemble_scaled/dataset2.csv,168915420
outputs/website_submission_111_major_online_weighted_rank_ensemble_scaled/result.zip,70008590
outputs/website_submission_112_major_more_replay_rank_ensemble/dataset1.csv,67217151
outputs/website_submission_112_major_more_replay_rank_ensemble/dataset2.csv,168915420
outputs/website_submission_112_major_more_replay_rank_ensemble/result.zip,47917194
outputs/website_submission_113_major_diverse_rank_ensemble/dataset1.csv,67217151
outputs/website_submission_113_major_diverse_rank_ensemble/dataset2.csv,168915420
outputs/website_submission_113_major_diverse_rank_ensemble/result.zip,46433179
outputs/website_submission_114_major_110_power_flatten/dataset1.csv,67217151
outputs/website_submission_114_major_110_power_flatten/dataset2.csv,168915420
outputs/website_submission_114_major_110_power_flatten/result.zip,68506186
outputs/website_submission_115_major_110_power_sharpen/dataset1.csv,67217151
outputs/website_submission_115_major_110_power_sharpen/dataset2.csv,168915420
outputs/website_submission_115_major_110_power_sharpen/result.zip,68603755
outputs/website_submission_116_major_row_consensus_protect/dataset1.csv,67217151
outputs/website_submission_116_major_row_consensus_protect/dataset2.csv,168915420
outputs/website_submission_116_major_row_consensus_protect/result.zip,58875599
outputs/website_submission_117_major_row_consensus_replay/dataset1.csv,67217151
outputs/website_submission_117_major_row_consensus_replay/dataset2.csv,168915420
outputs/website_submission_117_major_row_consensus_replay/result.zip,58820085
outputs/website_submission_118_major_row_consensus_diverse/dataset1.csv,67217151
outputs/website_submission_118_major_row_consensus_diverse/dataset2.csv,168915420
outputs/website_submission_118_major_row_consensus_diverse/result.zip,58129658
outputs/website_submission_119_major_teacher110_online_replay/dataset1.csv,67217151
outputs/website_submission_119_major_teacher110_online_replay/dataset2.csv,168915420
outputs/website_submission_119_major_teacher110_online_replay/result.zip,38102571
outputs/website_submission_120_major_teacher110_replay_rank_fusion/dataset1.csv,67217151
outputs/website_submission_120_major_teacher110_replay_rank_fusion/dataset2.csv,168915420
outputs/website_submission_120_major_teacher110_replay_rank_fusion/result.zip,55971414
outputs/website_submission_121_major_teacher110_multi_replay_ensemble/dataset1.csv,67217151
outputs/website_submission_121_major_teacher110_multi_replay_ensemble/dataset2.csv,168915420
outputs/website_submission_121_major_teacher110_multi_replay_ensemble/result.zip,45589117
outputs/website_submission_122_major_lgbm_lambdarank_expert/dataset1.csv,67217151
outputs/website_submission_122_major_lgbm_lambdarank_expert/dataset2.csv,168915420
outputs/website_submission_122_major_lgbm_lambdarank_expert/result.zip,42375613
outputs/website_submission_123_major_lgbm45_replay_fusion/dataset1.csv,67217151
outputs/website_submission_123_major_lgbm45_replay_fusion/dataset2.csv,168915420
outputs/website_submission_123_major_lgbm45_replay_fusion/result.zip,60795231
outputs/website_submission_124_major_lgbm65_replay_fusion/dataset1.csv,67217151
outputs/website_submission_124_major_lgbm65_replay_fusion/dataset2.csv,168915420
outputs/website_submission_124_major_lgbm65_replay_fusion/result.zip,60801893
outputs/website_submission_125_major_lgbm25_replay_fusion/dataset1.csv,67217151
outputs/website_submission_125_major_lgbm25_replay_fusion/dataset2.csv,168915420
outputs/website_submission_125_major_lgbm25_replay_fusion/result.zip,55207855
outputs/website_submission_127_low_weight_lgbm_guarded_fusion/auto_eval.json,1314
outputs/website_submission_127_low_weight_lgbm_guarded_fusion/dataset1.csv,67217151
outputs/website_submission_127_low_weight_lgbm_guarded_fusion/dataset2.csv,168915420
outputs/website_submission_127_low_weight_lgbm_guarded_fusion/result.zip,60776325
outputs/website_submission_127_low_weight_lgbm_guarded_fusion/summary.json,1527
outputs/website_submission_129a_p975_lgbm_guarded/dataset1.csv,67217151
outputs/website_submission_129a_p975_lgbm_guarded/dataset2.csv,168915420
outputs/website_submission_129a_p975_lgbm_guarded/result.zip,60758180
outputs/website_submission_129a_p975_lgbm_guarded/summary.json,881
outputs/website_submission_129b_p990_lgbm_guarded/dataset1.csv,67217151
outputs/website_submission_129b_p990_lgbm_guarded/dataset2.csv,168915420
outputs/website_submission_129b_p990_lgbm_guarded/result.zip,60745088
outputs/website_submission_129b_p990_lgbm_guarded/summary.json,875
outputs/website_submission_129c_p995_lgbm_guarded/dataset1.csv,67217151
outputs/website_submission_129c_p995_lgbm_guarded/dataset2.csv,168915420
outputs/website_submission_129c_p995_lgbm_guarded/result.zip,60740967
outputs/website_submission_129c_p995_lgbm_guarded/summary.json,878
outputs/website_submission_129d_same_top1_only_calibration/dataset1.csv,67217151
outputs/website_submission_129d_same_top1_only_calibration/dataset2.csv,168915420
outputs/website_submission_129d_same_top1_only_calibration/result.zip,60736563
outputs/website_submission_129d_same_top1_only_calibration/summary.json,884
outputs/website_submission_129e_gated_top1_only_no_calibration/dataset1.csv,67217151
outputs/website_submission_129e_gated_top1_only_no_calibration/dataset2.csv,168915420
outputs/website_submission_129e_gated_top1_only_no_calibration/result.zip,45669343
outputs/website_submission_129e_gated_top1_only_no_calibration/summary.json,896
outputs/website_submission_130_dataset2_segment_router/auto_eval.json,1353
outputs/website_submission_130_dataset2_segment_router/dataset1.csv,67217151
outputs/website_submission_130_dataset2_segment_router/dataset2.csv,168915420
outputs/website_submission_130_dataset2_segment_router/result.zip,60803487
outputs/website_submission_130_dataset2_segment_router/summary.json,1459
outputs/website_submission_131_teacher_replay_diversity_refusion/auto_eval.json,802
outputs/website_submission_131_teacher_replay_diversity_refusion/dataset1.csv,67217151
outputs/website_submission_131_teacher_replay_diversity_refusion/dataset2.csv,168915420
outputs/website_submission_131_teacher_replay_diversity_refusion/result.zip,60843935
outputs/website_submission_131_teacher_replay_diversity_refusion/summary.json,2622
outputs/website_submission_142_segment_specialist_candidate/auto_eval.json,975
outputs/website_submission_142_segment_specialist_candidate/dataset1.csv,67217151
outputs/website_submission_142_segment_specialist_candidate/dataset2.csv,168915420
outputs/website_submission_142_segment_specialist_candidate/result.zip,68911953
outputs/website_submission_142_segment_specialist_candidate/summary.json,535
outputs/website_submission_143_score_shape_rebuild/auto_eval.json,852
outputs/website_submission_143_score_shape_rebuild/dataset1.csv,67217151
outputs/website_submission_143_score_shape_rebuild/dataset2.csv,168915420
outputs/website_submission_143_score_shape_rebuild/result.zip,62729039
outputs/website_submission_143_score_shape_rebuild/summary.json,408
outputs/website_submission_145a_shape_strength_4x/dataset1.csv,67217151
outputs/website_submission_145a_shape_strength_4x/dataset2.csv,168915420
outputs/website_submission_145a_shape_strength_4x/result.zip,69798832
outputs/website_submission_145a_shape_strength_4x/summary.json,1004
outputs/website_submission_145b_shape_strength_6x/dataset1.csv,67217151
outputs/website_submission_145b_shape_strength_6x/dataset2.csv,168915420
outputs/website_submission_145b_shape_strength_6x/result.zip,68111539
outputs/website_submission_145b_shape_strength_6x/summary.json,1004
outputs/website_submission_145c_shape_strength_8x/dataset1.csv,67217151
outputs/website_submission_145c_shape_strength_8x/dataset2.csv,168915420
outputs/website_submission_145c_shape_strength_8x/result.zip,66617796
outputs/website_submission_145c_shape_strength_8x/summary.json,1001
outputs/website_submission_145d_top5_redistribution_strong/dataset1.csv,67217151
outputs/website_submission_145d_top5_redistribution_strong/dataset2.csv,168915420
outputs/website_submission_145d_top5_redistribution_strong/result.zip,63182431
outputs/website_submission_145d_top5_redistribution_strong/summary.json,1080
outputs/website_submission_145e_top10_redistribution_strong/dataset1.csv,67217151
outputs/website_submission_145e_top10_redistribution_strong/dataset2.csv,168915420
outputs/website_submission_145e_top10_redistribution_strong/result.zip,64568218
outputs/website_submission_145e_top10_redistribution_strong/summary.json,1086
outputs/website_submission_145f_temperature_smoothing_strong/dataset1.csv,67217151
outputs/website_submission_145f_temperature_smoothing_strong/dataset2.csv,168915420
outputs/website_submission_145f_temperature_smoothing_strong/result.zip,73895678
outputs/website_submission_145f_temperature_smoothing_strong/summary.json,1044
outputs/website_submission_145g_temperature_sharpening_strong/dataset1.csv,67217151
outputs/website_submission_145g_temperature_sharpening_strong/dataset2.csv,168915420
outputs/website_submission_145g_temperature_sharpening_strong/result.zip,75144792
outputs/website_submission_145g_temperature_sharpening_strong/summary.json,1050
outputs/website_submission_145h_segment_layered_shape_strong/dataset1.csv,67217151
outputs/website_submission_145h_segment_layered_shape_strong/dataset2.csv,168915420
outputs/website_submission_145h_segment_layered_shape_strong/result.zip,66129010
outputs/website_submission_145h_segment_layered_shape_strong/summary.json,1046
outputs/website_submission_145i_classwise_shape_rebuild/dataset1.csv,67217151
outputs/website_submission_145i_classwise_shape_rebuild/dataset2.csv,168915420
outputs/website_submission_145i_classwise_shape_rebuild/result.zip,67826070
outputs/website_submission_145i_classwise_shape_rebuild/summary.json,1086
outputs/website_submission_145j_low_confidence_full_shape_rebuild/dataset1.csv,67217151
outputs/website_submission_145j_low_confidence_full_shape_rebuild/dataset2.csv,168915420
outputs/website_submission_145j_low_confidence_full_shape_rebuild/result.zip,64383737
outputs/website_submission_145j_low_confidence_full_shape_rebuild/summary.json,1065
outputs/website_submission_145k_safe_class_shape_boost/dataset1.csv,67217151
outputs/website_submission_145k_safe_class_shape_boost/dataset2.csv,168915420
outputs/website_submission_145k_safe_class_shape_boost/result.zip,65385225
outputs/website_submission_145k_safe_class_shape_boost/summary.json,1083
outputs/website_submission_145l_risky_class_shape_suppress/dataset1.csv,67217151
outputs/website_submission_145l_risky_class_shape_suppress/dataset2.csv,168915420
outputs/website_submission_145l_risky_class_shape_suppress/result.zip,65821951
outputs/website_submission_145l_risky_class_shape_suppress/summary.json,1099
outputs/website_submission_151_retrieval_cooccurrence_expert/auto_eval.json,851
outputs/website_submission_151_retrieval_cooccurrence_expert/dataset1.csv,67217151
outputs/website_submission_151_retrieval_cooccurrence_expert/dataset2.csv,168915420
outputs/website_submission_151_retrieval_cooccurrence_expert/result.zip,69316131
outputs/website_submission_151_retrieval_cooccurrence_expert/summary.json,851
outputs/website_submission_168_real_retrieval_cooccurrence_expert/auto_eval.json,1014
outputs/website_submission_168_real_retrieval_cooccurrence_expert/dataset1.csv,67217151
outputs/website_submission_168_real_retrieval_cooccurrence_expert/dataset2.csv,168762000
outputs/website_submission_168_real_retrieval_cooccurrence_expert/summary.json,1014
outputs/website_submission_170_final_real_data_candidate/auto_eval.json,597
outputs/website_submission_170_final_real_data_candidate/summary.json,597
outputs/website_submission_177a_w005_top1_guard/auto_eval.json,1579
outputs/website_submission_177a_w005_top1_guard/dataset1.csv,67217151
outputs/website_submission_177a_w005_top1_guard/dataset2.csv,168762000
outputs/website_submission_177a_w005_top1_guard/summary.json,1579
outputs/website_submission_177b_w010_top1_guard/auto_eval.json,1577
outputs/website_submission_177b_w010_top1_guard/dataset1.csv,67217151
outputs/website_submission_177b_w010_top1_guard/dataset2.csv,168762000
outputs/website_submission_177b_w010_top1_guard/summary.json,1577
outputs/website_submission_177c_w015_top1_guard/auto_eval.json,1578
outputs/website_submission_177c_w015_top1_guard/dataset1.csv,67217151
outputs/website_submission_177c_w015_top1_guard/dataset2.csv,168762000
outputs/website_submission_177c_w015_top1_guard/summary.json,1578
outputs/website_submission_177d_w020_top1_guard/auto_eval.json,1577
outputs/website_submission_177d_w020_top1_guard/dataset1.csv,67217151
outputs/website_submission_177d_w020_top1_guard/dataset2.csv,168762000
outputs/website_submission_177d_w020_top1_guard/summary.json,1577
outputs/website_submission_177e_w010_top5_guard/auto_eval.json,1597
outputs/website_submission_177e_w010_top5_guard/dataset1.csv,67217151
outputs/website_submission_177e_w010_top5_guard/dataset2.csv,168762000
outputs/website_submission_177e_w010_top5_guard/summary.json,1597
outputs/website_submission_177f_w020_top5_guard/auto_eval.json,1640
outputs/website_submission_177f_w020_top5_guard/dataset1.csv,67217151
outputs/website_submission_177f_w020_top5_guard/dataset2.csv,168762000
outputs/website_submission_177f_w020_top5_guard/summary.json,1640
outputs/website_submission_177g_w030_top5_guard/auto_eval.json,1640
outputs/website_submission_177g_w030_top5_guard/dataset1.csv,67217151
outputs/website_submission_177g_w030_top5_guard/dataset2.csv,168762000
outputs/website_submission_177g_w030_top5_guard/summary.json,1640
outputs/website_submission_177h_w010_conf_q95/auto_eval.json,1684
outputs/website_submission_177h_w010_conf_q95/dataset1.csv,67217151
outputs/website_submission_177h_w010_conf_q95/dataset2.csv,168762000
outputs/website_submission_177h_w010_conf_q95/summary.json,1684
outputs/website_submission_177i_w020_conf_q95/auto_eval.json,1686
outputs/website_submission_177i_w020_conf_q95/dataset1.csv,67217151
outputs/website_submission_177i_w020_conf_q95/dataset2.csv,168762000
outputs/website_submission_177i_w020_conf_q95/summary.json,1686
outputs/website_submission_177j_w030_conf_q95/auto_eval.json,1684
outputs/website_submission_177j_w030_conf_q95/dataset1.csv,67217151
outputs/website_submission_177j_w030_conf_q95/dataset2.csv,168762000
outputs/website_submission_177j_w030_conf_q95/summary.json,1684
outputs/website_submission_177k_w010_conf_q975/auto_eval.json,1691
outputs/website_submission_177k_w010_conf_q975/dataset1.csv,67217151
outputs/website_submission_177k_w010_conf_q975/dataset2.csv,168762000
outputs/website_submission_177k_w010_conf_q975/summary.json,1691
outputs/website_submission_177l_w020_conf_q975/auto_eval.json,1689
outputs/website_submission_177l_w020_conf_q975/dataset1.csv,67217151
outputs/website_submission_177l_w020_conf_q975/dataset2.csv,168762000
outputs/website_submission_177l_w020_conf_q975/summary.json,1689
outputs/website_submission_177m_w030_conf_q975/auto_eval.json,1689
outputs/website_submission_177m_w030_conf_q975/dataset1.csv,67217151
outputs/website_submission_177m_w030_conf_q975/dataset2.csv,168762000
outputs/website_submission_177m_w030_conf_q975/summary.json,1689
outputs/website_submission_177n_w020_time_recent_only/auto_eval.json,1617
outputs/website_submission_177n_w020_time_recent_only/dataset1.csv,67217151
outputs/website_submission_177n_w020_time_recent_only/dataset2.csv,168762000
outputs/website_submission_177n_w020_time_recent_only/summary.json,1617
outputs/website_submission_177o_w020_time_stable_only/auto_eval.json,1663
outputs/website_submission_177o_w020_time_stable_only/dataset1.csv,67217151
outputs/website_submission_177o_w020_time_stable_only/dataset2.csv,168762000
outputs/website_submission_177o_w020_time_stable_only/summary.json,1663
outputs/website_submission_177p_w020_class_safe_only/auto_eval.json,1607
outputs/website_submission_177p_w020_class_safe_only/dataset1.csv,67217151
outputs/website_submission_177p_w020_class_safe_only/dataset2.csv,168762000
outputs/website_submission_177p_w020_class_safe_only/summary.json,1607
outputs/website_submission_177q_w020_exclude_risky_classes/auto_eval.json,1694
outputs/website_submission_177q_w020_exclude_risky_classes/dataset1.csv,67217151
outputs/website_submission_177q_w020_exclude_risky_classes/dataset2.csv,168762000
outputs/website_submission_177q_w020_exclude_risky_classes/summary.json,1694
outputs/website_submission_177r_layered_confidence_weight/auto_eval.json,1665
outputs/website_submission_177r_layered_confidence_weight/dataset1.csv,67217151
outputs/website_submission_177r_layered_confidence_weight/dataset2.csv,168762000
outputs/website_submission_177r_layered_confidence_weight/summary.json,1665
outputs/website_submission_177s_layered_time_confidence/auto_eval.json,1727
outputs/website_submission_177s_layered_time_confidence/dataset1.csv,67217151
outputs/website_submission_177s_layered_time_confidence/dataset2.csv,168762000
outputs/website_submission_177s_layered_time_confidence/summary.json,1727
outputs/website_submission_177t_final_balanced_retrieval_guarded/auto_eval.json,1743
outputs/website_submission_177t_final_balanced_retrieval_guarded/dataset1.csv,67217151
outputs/website_submission_177t_final_balanced_retrieval_guarded/dataset2.csv,168762000
outputs/website_submission_177t_final_balanced_retrieval_guarded/summary.json,1743
outputs/website_submission_179_final_guarded_retrieval_candidate/auto_eval.json,187
outputs/website_submission_179_final_guarded_retrieval_candidate/summary.json,187
outputs/website_submission_197a_w0075_top1_guard/auto_eval.json,1394
outputs/website_submission_197a_w0075_top1_guard/dataset1.csv,67217151
outputs/website_submission_197a_w0075_top1_guard/dataset2.csv,168762000
outputs/website_submission_197a_w0075_top1_guard/summary.json,1394
outputs/website_submission_197b_w0125_top1_guard/auto_eval.json,1393
outputs/website_submission_197b_w0125_top1_guard/dataset1.csv,67217151
outputs/website_submission_197b_w0125_top1_guard/dataset2.csv,168762000
outputs/website_submission_197b_w0125_top1_guard/summary.json,1393
outputs/website_submission_197c_w0150_top1_guard/auto_eval.json,1393
outputs/website_submission_197c_w0150_top1_guard/dataset1.csv,67217151
outputs/website_submission_197c_w0150_top1_guard/dataset2.csv,168762000
outputs/website_submission_197c_w0150_top1_guard/summary.json,1393
outputs/website_submission_197d_w0200_top1_guard/auto_eval.json,1393
outputs/website_submission_197d_w0200_top1_guard/dataset1.csv,67217151
outputs/website_submission_197d_w0200_top1_guard/dataset2.csv,168762000
outputs/website_submission_197d_w0200_top1_guard/summary.json,1393
outputs/website_submission_197e_w010_conf_q90_top1_guard/auto_eval.json,1426
outputs/website_submission_197e_w010_conf_q90_top1_guard/dataset1.csv,67217151
outputs/website_submission_197e_w010_conf_q90_top1_guard/dataset2.csv,168762000
outputs/website_submission_197e_w010_conf_q90_top1_guard/summary.json,1426
outputs/website_submission_197f_w010_conf_q95_top1_guard/auto_eval.json,1421
outputs/website_submission_197f_w010_conf_q95_top1_guard/dataset1.csv,67217151
outputs/website_submission_197f_w010_conf_q95_top1_guard/dataset2.csv,168762000
outputs/website_submission_197f_w010_conf_q95_top1_guard/summary.json,1421
outputs/website_submission_197g_w010_conf_q975_top1_guard/auto_eval.json,1427
outputs/website_submission_197g_w010_conf_q975_top1_guard/dataset1.csv,67217151
outputs/website_submission_197g_w010_conf_q975_top1_guard/dataset2.csv,168762000
outputs/website_submission_197g_w010_conf_q975_top1_guard/summary.json,1427
outputs/website_submission_197h_w010_conf_q99_top1_guard/auto_eval.json,1425
outputs/website_submission_197h_w010_conf_q99_top1_guard/dataset1.csv,67217151
outputs/website_submission_197h_w010_conf_q99_top1_guard/dataset2.csv,168762000
outputs/website_submission_197h_w010_conf_q99_top1_guard/summary.json,1425
outputs/website_submission_197i_w0125_conf_q95_top1_guard/auto_eval.json,1429
outputs/website_submission_197i_w0125_conf_q95_top1_guard/dataset1.csv,67217151
outputs/website_submission_197i_w0125_conf_q95_top1_guard/dataset2.csv,168762000
outputs/website_submission_197i_w0125_conf_q95_top1_guard/summary.json,1429
outputs/website_submission_197j_w0150_conf_q95_top1_guard/auto_eval.json,1426
outputs/website_submission_197j_w0150_conf_q95_top1_guard/dataset1.csv,67217151
outputs/website_submission_197j_w0150_conf_q95_top1_guard/dataset2.csv,168762000
outputs/website_submission_197j_w0150_conf_q95_top1_guard/summary.json,1426
outputs/website_submission_197k_w0200_conf_q95_top1_guard/auto_eval.json,1427
outputs/website_submission_197k_w0200_conf_q95_top1_guard/dataset1.csv,67217151
outputs/website_submission_197k_w0200_conf_q95_top1_guard/dataset2.csv,168762000
outputs/website_submission_197k_w0200_conf_q95_top1_guard/summary.json,1427
outputs/website_submission_197l_time_decay_0p90/auto_eval.json,1387
outputs/website_submission_197l_time_decay_0p90/dataset1.csv,67217151
outputs/website_submission_197l_time_decay_0p90/dataset2.csv,168762000
outputs/website_submission_197l_time_decay_0p90/summary.json,1387
outputs/website_submission_197m_time_decay_0p95/auto_eval.json,1390
outputs/website_submission_197m_time_decay_0p95/dataset1.csv,67217151
outputs/website_submission_197m_time_decay_0p95/dataset2.csv,168762000
outputs/website_submission_197m_time_decay_0p95/summary.json,1390
outputs/website_submission_197n_time_decay_0p98/auto_eval.json,1387
outputs/website_submission_197n_time_decay_0p98/dataset1.csv,67217151
outputs/website_submission_197n_time_decay_0p98/dataset2.csv,168762000
outputs/website_submission_197n_time_decay_0p98/summary.json,1387
outputs/website_submission_197o_src_history_ge2/auto_eval.json,1389
outputs/website_submission_197o_src_history_ge2/dataset1.csv,67217151
outputs/website_submission_197o_src_history_ge2/dataset2.csv,168762000
outputs/website_submission_197o_src_history_ge2/summary.json,1389
outputs/website_submission_197p_src_history_ge3/auto_eval.json,1389
outputs/website_submission_197p_src_history_ge3/dataset1.csv,67217151
outputs/website_submission_197p_src_history_ge3/dataset2.csv,168762000
outputs/website_submission_197p_src_history_ge3/summary.json,1389
outputs/website_submission_197q_src_history_ge5/auto_eval.json,1388
outputs/website_submission_197q_src_history_ge5/dataset1.csv,67217151
outputs/website_submission_197q_src_history_ge5/dataset2.csv,168762000
outputs/website_submission_197q_src_history_ge5/summary.json,1388
outputs/website_submission_197r_exclude_popularity_dominated/auto_eval.json,1443
outputs/website_submission_197r_exclude_popularity_dominated/dataset1.csv,67217151
outputs/website_submission_197r_exclude_popularity_dominated/dataset2.csv,168762000
outputs/website_submission_197r_exclude_popularity_dominated/summary.json,1443
outputs/website_submission_197s_candidate_only_retrieval/auto_eval.json,1425
outputs/website_submission_197s_candidate_only_retrieval/dataset1.csv,67217151
outputs/website_submission_197s_candidate_only_retrieval/dataset2.csv,168762000
outputs/website_submission_197s_candidate_only_retrieval/summary.json,1425
outputs/website_submission_197t_no_global_popularity/auto_eval.json,1407
outputs/website_submission_197t_no_global_popularity/dataset1.csv,67217151
outputs/website_submission_197t_no_global_popularity/dataset2.csv,168762000
outputs/website_submission_197t_no_global_popularity/summary.json,1407
outputs/website_submission_197u_baseline_logic_time_decay/auto_eval.json,1427
outputs/website_submission_197u_baseline_logic_time_decay/dataset1.csv,67217151
outputs/website_submission_197u_baseline_logic_time_decay/dataset2.csv,168762000
outputs/website_submission_197u_baseline_logic_time_decay/summary.json,1427
outputs/website_submission_197v_baseline_logic_candidate_mask/auto_eval.json,1446
outputs/website_submission_197v_baseline_logic_candidate_mask/dataset1.csv,67217151
outputs/website_submission_197v_baseline_logic_candidate_mask/dataset2.csv,168762000
outputs/website_submission_197v_baseline_logic_candidate_mask/summary.json,1446
outputs/website_submission_197w_baseline_logic_graph_neighbor_if_available/auto_eval.json,1497
outputs/website_submission_197w_baseline_logic_graph_neighbor_if_available/dataset1.csv,67217151
outputs/website_submission_197w_baseline_logic_graph_neighbor_if_available/dataset2.csv,168762000
outputs/website_submission_197w_baseline_logic_graph_neighbor_if_available/summary.json,1497
outputs/website_submission_197x_final_balanced_wsl_retrieval/auto_eval.json,1443
outputs/website_submission_197x_final_balanced_wsl_retrieval/dataset1.csv,67217151
outputs/website_submission_197x_final_balanced_wsl_retrieval/dataset2.csv,168762000
outputs/website_submission_197x_final_balanced_wsl_retrieval/summary.json,1443
outputs/website_submission_199_final_wsl_candidate/auto_eval.json,1531
outputs/website_submission_199_final_wsl_candidate/dataset1.csv,67217151
outputs/website_submission_199_final_wsl_candidate/dataset2.csv,168762000
outputs/website_submission_199_final_wsl_candidate/summary.json,1531
outputs/website_submission_205a_ge2_margin_q90_w005/auto_eval.json,1505
outputs/website_submission_205a_ge2_margin_q90_w005/dataset1.csv,67217151
outputs/website_submission_205a_ge2_margin_q90_w005/dataset2.csv,168762000
outputs/website_submission_205a_ge2_margin_q90_w005/summary.json,1505
outputs/website_submission_205b_ge2_margin_q95_w005/auto_eval.json,1501
outputs/website_submission_205b_ge2_margin_q95_w005/dataset1.csv,67217151
outputs/website_submission_205b_ge2_margin_q95_w005/dataset2.csv,168762000
outputs/website_submission_205b_ge2_margin_q95_w005/summary.json,1501
outputs/website_submission_205c_ge2_margin_q90_w0075/auto_eval.json,1512
outputs/website_submission_205c_ge2_margin_q90_w0075/dataset1.csv,67217151
outputs/website_submission_205c_ge2_margin_q90_w0075/dataset2.csv,168762000
outputs/website_submission_205c_ge2_margin_q90_w0075/summary.json,1512
outputs/website_submission_205d_ge2_margin_q95_w0075/auto_eval.json,1509
outputs/website_submission_205d_ge2_margin_q95_w0075/dataset1.csv,67217151
outputs/website_submission_205d_ge2_margin_q95_w0075/dataset2.csv,168762000
outputs/website_submission_205d_ge2_margin_q95_w0075/summary.json,1509
outputs/website_submission_205e_ge3_recent_q85_w005/auto_eval.json,1505
outputs/website_submission_205e_ge3_recent_q85_w005/dataset1.csv,67217151
outputs/website_submission_205e_ge3_recent_q85_w005/dataset2.csv,168762000
outputs/website_submission_205e_ge3_recent_q85_w005/summary.json,1505
outputs/website_submission_205f_ge3_recent_q85_w0075/auto_eval.json,1507
outputs/website_submission_205f_ge3_recent_q85_w0075/dataset1.csv,67217151
outputs/website_submission_205f_ge3_recent_q85_w0075/dataset2.csv,168762000
outputs/website_submission_205f_ge3_recent_q85_w0075/summary.json,1507
outputs/website_submission_205g_support1_q90_w005/auto_eval.json,1515
outputs/website_submission_205g_support1_q90_w005/dataset1.csv,67217151
outputs/website_submission_205g_support1_q90_w005/dataset2.csv,168762000
outputs/website_submission_205g_support1_q90_w005/summary.json,1515
outputs/website_submission_205h_support1_q90_w0075/auto_eval.json,1518
outputs/website_submission_205h_support1_q90_w0075/dataset1.csv,67217151
outputs/website_submission_205h_support1_q90_w0075/dataset2.csv,168762000
outputs/website_submission_205h_support1_q90_w0075/summary.json,1518
outputs/website_submission_205i_support2_q75_w005/auto_eval.json,1493
outputs/website_submission_205i_support2_q75_w005/dataset1.csv,67217151
outputs/website_submission_205i_support2_q75_w005/dataset2.csv,168762000
outputs/website_submission_205i_support2_q75_w005/summary.json,1493
outputs/website_submission_205j_support2_q75_w0075/auto_eval.json,1498
outputs/website_submission_205j_support2_q75_w0075/dataset1.csv,67217151
outputs/website_submission_205j_support2_q75_w0075/dataset2.csv,168762000
outputs/website_submission_205j_support2_q75_w0075/summary.json,1498
outputs/website_submission_205k_recent_support_w005/auto_eval.json,1523
outputs/website_submission_205k_recent_support_w005/dataset1.csv,67217151
outputs/website_submission_205k_recent_support_w005/dataset2.csv,168762000
outputs/website_submission_205k_recent_support_w005/summary.json,1523
outputs/website_submission_205l_recent_support_w0075/auto_eval.json,1528
outputs/website_submission_205l_recent_support_w0075/dataset1.csv,67217151
outputs/website_submission_205l_recent_support_w0075/dataset2.csv,168762000
outputs/website_submission_205l_recent_support_w0075/summary.json,1528
outputs/website_submission_205m_stable_entropy_w005/dataset1.csv,67217151
outputs/website_submission_205m_stable_entropy_w005/dataset2.csv,168762000
outputs/website_submission_131_teacher_replay_diversity_refusion/_trials/w_0p015/dataset2.csv,168915420
outputs/website_submission_131_teacher_replay_diversity_refusion/_trials/w_0p020/dataset2.csv,168915420
outputs/website_submission_131_teacher_replay_diversity_refusion/_trials/w_0p030/dataset2.csv,168915420
outputs/website_submission_141_probe_candidates/class_prior_correction_probe/dataset1.csv,67217151
outputs/website_submission_141_probe_candidates/class_prior_correction_probe/dataset2.csv,168915420
outputs/website_submission_141_probe_candidates/class_prior_correction_probe/summary.json,374
outputs/website_submission_141_probe_candidates/score_shape_probe/dataset1.csv,67217151
outputs/website_submission_141_probe_candidates/score_shape_probe/dataset2.csv,168915420
outputs/website_submission_141_probe_candidates/score_shape_probe/summary.json,313
scripts/__pycache__/archive_173_empty_pipeline_artifacts.cpython-313.pyc,6259
scripts/__pycache__/audit_176_real_retrieval_signal.cpython-313.pyc,10232
scripts/__pycache__/build_166_real_data_pipeline.cpython-313.pyc,3130
scripts/__pycache__/build_167_real_validation_split.cpython-313.pyc,4920
scripts/__pycache__/check_172_official_download_gate.cpython-313.pyc,4429
scripts/__pycache__/evaluate_178_retrieval_candidates.cpython-313.pyc,5220
scripts/__pycache__/extract_164_official_archives.cpython-313.pyc,4375
scripts/__pycache__/fix_174_registry_empty_real_data_run.cpython-313.pyc,9302
scripts/__pycache__/inspect_165_official_data_schema.cpython-313.pyc,9160
scripts/__pycache__/make_168_real_retrieval_cooccurrence_expert.cpython-313.pyc,12327
scripts/__pycache__/make_169_real_model_family_probe.cpython-313.pyc,1853
scripts/__pycache__/make_170_final_real_data_candidate.cpython-313.pyc,2838
scripts/__pycache__/make_171_real_data_decision.cpython-313.pyc,2232
scripts/__pycache__/make_177_conservative_retrieval_grid.cpython-313.pyc,12083
scripts/__pycache__/make_179_final_guarded_retrieval_candidate.cpython-313.pyc,3858
scripts/__pycache__/make_180_guarded_retrieval_submit_decision.cpython-313.pyc,4116
scripts/__pycache__/receive_163_official_downloads.cpython-313.pyc,4524
scripts/__pycache__/retrieval_guarded_utils.cpython-313.pyc,15035
scripts/__pycache__/track1_analysis_utils.cpython-313.pyc,13060
scripts/__pycache__/verify_175_after_empty_cleanup.cpython-313.pyc,4477
scripts/__pycache__/wsl_retrieval_refine_utils.cpython-312.pyc,16224
submissions/001_dual_retrieval_baseline/result.zip,45287897
submissions/002_dual_time_decay_ranker/result.zip,44995162
submissions/003_dual_cooc_transition_ranker/result.zip,50239984
submissions/004_dual_candidate_ranker/result.zip,54146679
submissions/005_dual_dataset_specific_ranker/result.zip,53035989
submissions/006_jittor_craft_if_available/result.zip,39751671
submissions/007_dual_blend_final/result.zip,54068296
submissions/112_major_more_replay_rank_ensemble/result.zip,47917194
submissions/112_major_more_replay_rank_ensemble_repack_checked/result.zip,47917194
submissions/113_major_diverse_rank_ensemble/result.zip,46433179
submissions/114_major_110_power_flatten/result.zip,68506186
submissions/115_major_110_power_sharpen/result.zip,68603755
submissions/116_major_row_consensus_protect/result.zip,58875599
submissions/117_major_row_consensus_replay/result.zip,58820085
submissions/118_major_row_consensus_diverse/result.zip,58129658
submissions/119_major_teacher110_online_replay/result.zip,38102571
submissions/120_major_teacher110_replay_rank_fusion/result.zip,55971414
submissions/121_major_teacher110_multi_replay_ensemble/result.zip,45589117
submissions/121_major_teacher110_multi_replay_ensemble_repack_checked/result.zip,45589117
submissions/122_major_lgbm_lambdarank_expert/result.zip,42375613
submissions/122_major_lgbm_lambdarank_expert_repack_checked/result.zip,42375613
submissions/123_major_lgbm45_replay_fusion/result.zip,60795231
submissions/123_major_lgbm45_replay_fusion_repack_checked/result.zip,60795231
submissions/124_major_lgbm65_replay_fusion/result.zip,60801893
submissions/124_major_lgbm65_replay_fusion_repack_checked/result.zip,60801893
submissions/125_major_lgbm25_replay_fusion/result.zip,55207855
submissions/125_major_lgbm25_replay_fusion_repack_checked/result.zip,55207855
submissions/127_low_weight_lgbm_guarded_fusion_repack_checked/result.zip,60776325
submissions/129a_p975_lgbm_guarded_repack_checked/result.zip,60758180
submissions/129b_p990_lgbm_guarded_repack_checked/result.zip,60745088
submissions/129c_p995_lgbm_guarded_repack_checked/result.zip,60740967
submissions/129d_same_top1_only_calibration_repack_checked/result.zip,60736563
submissions/129e_gated_top1_only_no_calibration_repack_checked/result.zip,45669343
submissions/130_dataset2_segment_router_repack_checked/result.zip,60803487
submissions/131_teacher_replay_diversity_refusion_repack_checked/result.zip,60843935
submissions/142_segment_specialist_candidate_repack_checked/result.zip,68911953
submissions/143_score_shape_rebuild_repack_checked/result.zip,62729039
submissions/145a_shape_strength_4x_repack_checked/result.zip,69798832
submissions/145b_shape_strength_6x_repack_checked/result.zip,68111539
submissions/145c_shape_strength_8x_repack_checked/result.zip,66617796
submissions/145d_top5_redistribution_strong_repack_checked/result.zip,63182431
submissions/145e_top10_redistribution_strong_repack_checked/result.zip,64568218
submissions/145f_temperature_smoothing_strong_repack_checked/result.zip,73895678
submissions/145g_temperature_sharpening_strong_repack_checked/result.zip,75144792
submissions/145h_segment_layered_shape_strong_repack_checked/result.zip,66129010
submissions/145i_classwise_shape_rebuild_repack_checked/result.zip,67826070
submissions/145j_low_confidence_full_shape_rebuild_repack_checked/result.zip,64383737
submissions/145k_safe_class_shape_boost_repack_checked/result.zip,65385225
submissions/145l_risky_class_shape_suppress_repack_checked/result.zip,65821951
submissions/151_retrieval_cooccurrence_expert_repack_checked/result.zip,69316131
submissions/168_real_retrieval_cooccurrence_expert_repack_checked/result.zip,76266677
submissions/177a_w005_top1_guard_repack_checked/result.zip,79693729
submissions/177b_w010_top1_guard_repack_checked/result.zip,78292294
submissions/177c_w015_top1_guard_repack_checked/result.zip,79243634
submissions/177d_w020_top1_guard_repack_checked/result.zip,75911649
submissions/177e_w010_top5_guard_repack_checked/result.zip,77600739
submissions/177f_w020_top5_guard_repack_checked/result.zip,75872255
submissions/177g_w030_top5_guard_repack_checked/result.zip,77150785
submissions/177h_w010_conf_q95_repack_checked/result.zip,68161599
submissions/177i_w020_conf_q95_repack_checked/result.zip,68071459
submissions/177j_w030_conf_q95_repack_checked/result.zip,68174755
submissions/177k_w010_conf_q975_repack_checked/result.zip,67762681
submissions/177l_w020_conf_q975_repack_checked/result.zip,67718458
submissions/177m_w030_conf_q975_repack_checked/result.zip,67769658
submissions/177n_w020_time_recent_only_repack_checked/result.zip,69868218
submissions/177o_w020_time_stable_only_repack_checked/result.zip,70713007
submissions/177p_w020_class_safe_only_repack_checked/result.zip,75910495
submissions/177q_w020_exclude_risky_classes_repack_checked/result.zip,74919463
submissions/177r_layered_confidence_weight_repack_checked/result.zip,69200030
submissions/177s_layered_time_confidence_repack_checked/result.zip,68024238
submissions/177t_final_balanced_retrieval_guarded_repack_checked/result.zip,67497426
submissions/197a_w0075_top1_guard_repack_checked/result.zip,83802603
submissions/197b_w0125_top1_guard_repack_checked/result.zip,82425793
submissions/197c_w0150_top1_guard_repack_checked/result.zip,82971831
submissions/197d_w0200_top1_guard_repack_checked/result.zip,81497414
submissions/197e_w010_conf_q90_top1_guard_repack_checked/result.zip,79208383
submissions/197f_w010_conf_q95_top1_guard_repack_checked/result.zip,78770449
submissions/197g_w010_conf_q975_top1_guard_repack_checked/result.zip,78537900
submissions/197h_w010_conf_q99_top1_guard_repack_checked/result.zip,78389619
submissions/197i_w0125_conf_q95_top1_guard_repack_checked/result.zip,78871366
submissions/197j_w0150_conf_q95_top1_guard_repack_checked/result.zip,78858222
submissions/197k_w0200_conf_q95_top1_guard_repack_checked/result.zip,78683553
submissions/197l_time_decay_0p90_repack_checked/result.zip,79043127
submissions/197m_time_decay_0p95_repack_checked/result.zip,79099774
submissions/197n_time_decay_0p98_repack_checked/result.zip,79131253
submissions/197o_src_history_ge2_repack_checked/result.zip,82425793
submissions/197p_src_history_ge3_repack_checked/result.zip,82971831
submissions/197q_src_history_ge5_repack_checked/result.zip,81496294
submissions/197r_exclude_popularity_dominated_repack_checked/result.zip,82996082
submissions/197s_candidate_only_retrieval_repack_checked/result.zip,78890320
submissions/197t_no_global_popularity_repack_checked/result.zip,78938839
submissions/197u_baseline_logic_time_decay_repack_checked/result.zip,78587286
submissions/197v_baseline_logic_candidate_mask_repack_checked/result.zip,78399595
submissions/197w_baseline_logic_graph_neighbor_if_available_repack_checked/result.zip,83798158
submissions/197x_final_balanced_wsl_retrieval_repack_checked/result.zip,78521792
submissions/199_final_wsl_candidate_repack_checked/result.zip,83802603
submissions/205a_ge2_margin_q90_w005_repack_checked/result.zip,79213295
submissions/205b_ge2_margin_q95_w005_repack_checked/result.zip,78771715
submissions/205c_ge2_margin_q90_w0075_repack_checked/result.zip,79375375
submissions/205d_ge2_margin_q95_w0075_repack_checked/result.zip,78856967
submissions/205e_ge3_recent_q85_w005_repack_checked/result.zip,78898901
submissions/205f_ge3_recent_q85_w0075_repack_checked/result.zip,79001704
submissions/205g_support1_q90_w005_repack_checked/result.zip,78385851
submissions/205h_support1_q90_w0075_repack_checked/result.zip,78399571
submissions/205i_support2_q75_w005_repack_checked/result.zip,78297707
submissions/205j_support2_q75_w0075_repack_checked/result.zip,78298617
submissions/205k_recent_support_w005_repack_checked/result.zip,78376297
submissions/205l_recent_support_w0075_repack_checked/result.zip,78389474
submissions/205m_stable_entropy_w005_repack_checked/result.zip,27923795
workspace_baseline_wsl/__pycache__/main.cpython-312.pyc,18597
_archive_unused/empty_real_data_pipeline/LATEST_MAJOR_170_CN.md,108
_archive_unused/empty_real_data_pipeline/outputs/website_submission_170_final_real_data_candidate/auto_eval.json,573
_archive_unused/empty_real_data_pipeline/outputs/website_submission_170_final_real_data_candidate/summary.json,573
